thanasis.kalogirou@email.com                  thanasiskal35
foteini.kourou@email.com                      foteinikou23
kyriakos.georgiadis@email.com                 kyriakosgeo41
marianna.tsiouma@email.com                    mariannatsi41
dimitrios.konstantinidis@email.com            dimitrioskon42
antonia.koutras@email.com                     antoniakou53
konstantinos.economou@email.com               konstantinoseco50
aikaterini.lamprou@email.com                  aikaterinilam33
kostantinos.prassas@email.com                 kostantinospra32
maria.aggelopoulou@email.com                  mariaagg54
kostantinos.skoularikis@email.com             kostantinossko51
grigorios.choutas@email.com                   grigorioscho37
dimitrios.poulakis@email.com                  dimitriospou38
ioannis.farfaras@email.com                    ioannisfar39
ioannis.tranos@email.com                      ioannistra39
nikolas.papadopoulos@email.com                nikolaspap52
elias.konstantinou@email.com                  eliaskon51
dimitrios.georgiadis@email.com                dimitriosgeo51
christos.alexandrou@email.com                 christosale51
theodoros.vasilakis@email.com                 theodorosvas34
antonis.markou@email.com                      antonismar33
panagiotis.stefanidis@email.com               panagiotisste28
ioannis.kiriakou@email.com                    ioanniskir24
spyros.zafeiris@email.com                     spyroszaf24
athanasios.demetriou@email.com                athanasiosdem24
